image_name,train_type,mask_name
/mnt/DATA-1/SAM_GROUP/Datasets/polyp/TestDataset/CVC-ColonDB/images_1024/1.png,val,/mnt/DATA-1/SAM_GROUP/Datasets/polyp/TestDataset/CVC-ColonDB/masks_1024/1.png
/mnt/DATA-1/SAM_GROUP/Datasets/polyp/TestDataset/CVC-ColonDB/images_1024/2.png,val,/mnt/DATA-1/SAM_GROUP/Datasets/polyp/TestDataset/CVC-ColonDB/masks_1024/2.png
/mnt/DATA-1/SAM_GROUP/Datasets/polyp/TestDataset/CVC-ColonDB/images_1024/3.png,val,/mnt/DATA-1/SAM_GROUP/Datasets/polyp/TestDataset/CVC-ColonDB/masks_1024/3.png
/mnt/DATA-1/SAM_GROUP/Datasets/polyp/TestDataset/CVC-ColonDB/images_1024/4.png,val,/mnt/DATA-1/SAM_GROUP/Datasets/polyp/TestDataset/CVC-ColonDB/masks_1024/4.png
/mnt/DATA-1/SAM_GROUP/Datasets/polyp/TestDataset/CVC-ColonDB/images_1024/5.png,val,/mnt/DATA-1/SAM_GROUP/Datasets/polyp/TestDataset/CVC-ColonDB/masks_1024/5.png
/mnt/DATA-1/SAM_GROUP/Datasets/polyp/TestDataset/CVC-ColonDB/images_1024/6.png,val,/mnt/DATA-1/SAM_GROUP/Datasets/polyp/TestDataset/CVC-ColonDB/masks_1024/6.png
/mnt/DATA-1/SAM_GROUP/Datasets/polyp/TestDataset/CVC-ColonDB/images_1024/7.png,val,/mnt/DATA-1/SAM_GROUP/Datasets/polyp/TestDataset/CVC-ColonDB/masks_1024/7.png
/mnt/DATA-1/SAM_GROUP/Datasets/polyp/TestDataset/CVC-ColonDB/images_1024/8.png,val,/mnt/DATA-1/SAM_GROUP/Datasets/polyp/TestDataset/CVC-ColonDB/masks_1024/8.png
/mnt/DATA-1/SAM_GROUP/Datasets/polyp/TestDataset/CVC-ColonDB/images_1024/9.png,val,/mnt/DATA-1/SAM_GROUP/Datasets/polyp/TestDataset/CVC-ColonDB/masks_1024/9.png
/mnt/DATA-1/SAM_GROUP/Datasets/polyp/TestDataset/CVC-ColonDB/images_1024/10.png,val,/mnt/DATA-1/SAM_GROUP/Datasets/polyp/TestDataset/CVC-ColonDB/masks_1024/10.png
/mnt/DATA-1/SAM_GROUP/Datasets/polyp/TestDataset/CVC-ColonDB/images_1024/11.png,val,/mnt/DATA-1/SAM_GROUP/Datasets/polyp/TestDataset/CVC-ColonDB/masks_1024/11.png
/mnt/DATA-1/SAM_GROUP/Datasets/polyp/TestDataset/CVC-ColonDB/images_1024/12.png,val,/mnt/DATA-1/SAM_GROUP/Datasets/polyp/TestDataset/CVC-ColonDB/masks_1024/12.png
/mnt/DATA-1/SAM_GROUP/Datasets/polyp/TestDataset/CVC-ColonDB/images_1024/13.png,val,/mnt/DATA-1/SAM_GROUP/Datasets/polyp/TestDataset/CVC-ColonDB/masks_1024/13.png
/mnt/DATA-1/SAM_GROUP/Datasets/polyp/TestDataset/CVC-ColonDB/images_1024/14.png,val,/mnt/DATA-1/SAM_GROUP/Datasets/polyp/TestDataset/CVC-ColonDB/masks_1024/14.png
/mnt/DATA-1/SAM_GROUP/Datasets/polyp/TestDataset/CVC-ColonDB/images_1024/15.png,val,/mnt/DATA-1/SAM_GROUP/Datasets/polyp/TestDataset/CVC-ColonDB/masks_1024/15.png
/mnt/DATA-1/SAM_GROUP/Datasets/polyp/TestDataset/CVC-ColonDB/images_1024/16.png,val,/mnt/DATA-1/SAM_GROUP/Datasets/polyp/TestDataset/CVC-ColonDB/masks_1024/16.png
/mnt/DATA-1/SAM_GROUP/Datasets/polyp/TestDataset/CVC-ColonDB/images_1024/17.png,val,/mnt/DATA-1/SAM_GROUP/Datasets/polyp/TestDataset/CVC-ColonDB/masks_1024/17.png
/mnt/DATA-1/SAM_GROUP/Datasets/polyp/TestDataset/CVC-ColonDB/images_1024/18.png,val,/mnt/DATA-1/SAM_GROUP/Datasets/polyp/TestDataset/CVC-ColonDB/masks_1024/18.png
/mnt/DATA-1/SAM_GROUP/Datasets/polyp/TestDataset/CVC-ColonDB/images_1024/19.png,val,/mnt/DATA-1/SAM_GROUP/Datasets/polyp/TestDataset/CVC-ColonDB/masks_1024/19.png
/mnt/DATA-1/SAM_GROUP/Datasets/polyp/TestDataset/CVC-ColonDB/images_1024/20.png,val,/mnt/DATA-1/SAM_GROUP/Datasets/polyp/TestDataset/CVC-ColonDB/masks_1024/20.png
/mnt/DATA-1/SAM_GROUP/Datasets/polyp/TestDataset/CVC-ColonDB/images_1024/21.png,val,/mnt/DATA-1/SAM_GROUP/Datasets/polyp/TestDataset/CVC-ColonDB/masks_1024/21.png
/mnt/DATA-1/SAM_GROUP/Datasets/polyp/TestDataset/CVC-ColonDB/images_1024/22.png,val,/mnt/DATA-1/SAM_GROUP/Datasets/polyp/TestDataset/CVC-ColonDB/masks_1024/22.png
/mnt/DATA-1/SAM_GROUP/Datasets/polyp/TestDataset/CVC-ColonDB/images_1024/23.png,val,/mnt/DATA-1/SAM_GROUP/Datasets/polyp/TestDataset/CVC-ColonDB/masks_1024/23.png
/mnt/DATA-1/SAM_GROUP/Datasets/polyp/TestDataset/CVC-ColonDB/images_1024/24.png,val,/mnt/DATA-1/SAM_GROUP/Datasets/polyp/TestDataset/CVC-ColonDB/masks_1024/24.png
/mnt/DATA-1/SAM_GROUP/Datasets/polyp/TestDataset/CVC-ColonDB/images_1024/25.png,val,/mnt/DATA-1/SAM_GROUP/Datasets/polyp/TestDataset/CVC-ColonDB/masks_1024/25.png
/mnt/DATA-1/SAM_GROUP/Datasets/polyp/TestDataset/CVC-ColonDB/images_1024/26.png,val,/mnt/DATA-1/SAM_GROUP/Datasets/polyp/TestDataset/CVC-ColonDB/masks_1024/26.png
/mnt/DATA-1/SAM_GROUP/Datasets/polyp/TestDataset/CVC-ColonDB/images_1024/27.png,val,/mnt/DATA-1/SAM_GROUP/Datasets/polyp/TestDataset/CVC-ColonDB/masks_1024/27.png
/mnt/DATA-1/SAM_GROUP/Datasets/polyp/TestDataset/CVC-ColonDB/images_1024/28.png,val,/mnt/DATA-1/SAM_GROUP/Datasets/polyp/TestDataset/CVC-ColonDB/masks_1024/28.png
/mnt/DATA-1/SAM_GROUP/Datasets/polyp/TestDataset/CVC-ColonDB/images_1024/29.png,val,/mnt/DATA-1/SAM_GROUP/Datasets/polyp/TestDataset/CVC-ColonDB/masks_1024/29.png
/mnt/DATA-1/SAM_GROUP/Datasets/polyp/TestDataset/CVC-ColonDB/images_1024/30.png,val,/mnt/DATA-1/SAM_GROUP/Datasets/polyp/TestDataset/CVC-ColonDB/masks_1024/30.png
/mnt/DATA-1/SAM_GROUP/Datasets/polyp/TestDataset/CVC-ColonDB/images_1024/31.png,val,/mnt/DATA-1/SAM_GROUP/Datasets/polyp/TestDataset/CVC-ColonDB/masks_1024/31.png
/mnt/DATA-1/SAM_GROUP/Datasets/polyp/TestDataset/CVC-ColonDB/images_1024/32.png,val,/mnt/DATA-1/SAM_GROUP/Datasets/polyp/TestDataset/CVC-ColonDB/masks_1024/32.png
/mnt/DATA-1/SAM_GROUP/Datasets/polyp/TestDataset/CVC-ColonDB/images_1024/33.png,val,/mnt/DATA-1/SAM_GROUP/Datasets/polyp/TestDataset/CVC-ColonDB/masks_1024/33.png
/mnt/DATA-1/SAM_GROUP/Datasets/polyp/TestDataset/CVC-ColonDB/images_1024/34.png,val,/mnt/DATA-1/SAM_GROUP/Datasets/polyp/TestDataset/CVC-ColonDB/masks_1024/34.png
/mnt/DATA-1/SAM_GROUP/Datasets/polyp/TestDataset/CVC-ColonDB/images_1024/35.png,val,/mnt/DATA-1/SAM_GROUP/Datasets/polyp/TestDataset/CVC-ColonDB/masks_1024/35.png
/mnt/DATA-1/SAM_GROUP/Datasets/polyp/TestDataset/CVC-ColonDB/images_1024/36.png,val,/mnt/DATA-1/SAM_GROUP/Datasets/polyp/TestDataset/CVC-ColonDB/masks_1024/36.png
/mnt/DATA-1/SAM_GROUP/Datasets/polyp/TestDataset/CVC-ColonDB/images_1024/37.png,val,/mnt/DATA-1/SAM_GROUP/Datasets/polyp/TestDataset/CVC-ColonDB/masks_1024/37.png
/mnt/DATA-1/SAM_GROUP/Datasets/polyp/TestDataset/CVC-ColonDB/images_1024/38.png,val,/mnt/DATA-1/SAM_GROUP/Datasets/polyp/TestDataset/CVC-ColonDB/masks_1024/38.png
/mnt/DATA-1/SAM_GROUP/Datasets/polyp/TestDataset/CVC-ColonDB/images_1024/39.png,val,/mnt/DATA-1/SAM_GROUP/Datasets/polyp/TestDataset/CVC-ColonDB/masks_1024/39.png
/mnt/DATA-1/SAM_GROUP/Datasets/polyp/TestDataset/CVC-ColonDB/images_1024/40.png,val,/mnt/DATA-1/SAM_GROUP/Datasets/polyp/TestDataset/CVC-ColonDB/masks_1024/40.png
/mnt/DATA-1/SAM_GROUP/Datasets/polyp/TestDataset/CVC-ColonDB/images_1024/41.png,val,/mnt/DATA-1/SAM_GROUP/Datasets/polyp/TestDataset/CVC-ColonDB/masks_1024/41.png
/mnt/DATA-1/SAM_GROUP/Datasets/polyp/TestDataset/CVC-ColonDB/images_1024/42.png,val,/mnt/DATA-1/SAM_GROUP/Datasets/polyp/TestDataset/CVC-ColonDB/masks_1024/42.png
/mnt/DATA-1/SAM_GROUP/Datasets/polyp/TestDataset/CVC-ColonDB/images_1024/43.png,val,/mnt/DATA-1/SAM_GROUP/Datasets/polyp/TestDataset/CVC-ColonDB/masks_1024/43.png
/mnt/DATA-1/SAM_GROUP/Datasets/polyp/TestDataset/CVC-ColonDB/images_1024/44.png,val,/mnt/DATA-1/SAM_GROUP/Datasets/polyp/TestDataset/CVC-ColonDB/masks_1024/44.png
/mnt/DATA-1/SAM_GROUP/Datasets/polyp/TestDataset/CVC-ColonDB/images_1024/45.png,val,/mnt/DATA-1/SAM_GROUP/Datasets/polyp/TestDataset/CVC-ColonDB/masks_1024/45.png
/mnt/DATA-1/SAM_GROUP/Datasets/polyp/TestDataset/CVC-ColonDB/images_1024/46.png,val,/mnt/DATA-1/SAM_GROUP/Datasets/polyp/TestDataset/CVC-ColonDB/masks_1024/46.png
/mnt/DATA-1/SAM_GROUP/Datasets/polyp/TestDataset/CVC-ColonDB/images_1024/47.png,val,/mnt/DATA-1/SAM_GROUP/Datasets/polyp/TestDataset/CVC-ColonDB/masks_1024/47.png
/mnt/DATA-1/SAM_GROUP/Datasets/polyp/TestDataset/CVC-ColonDB/images_1024/48.png,val,/mnt/DATA-1/SAM_GROUP/Datasets/polyp/TestDataset/CVC-ColonDB/masks_1024/48.png
/mnt/DATA-1/SAM_GROUP/Datasets/polyp/TestDataset/CVC-ColonDB/images_1024/49.png,val,/mnt/DATA-1/SAM_GROUP/Datasets/polyp/TestDataset/CVC-ColonDB/masks_1024/49.png
/mnt/DATA-1/SAM_GROUP/Datasets/polyp/TestDataset/CVC-ColonDB/images_1024/50.png,val,/mnt/DATA-1/SAM_GROUP/Datasets/polyp/TestDataset/CVC-ColonDB/masks_1024/50.png
/mnt/DATA-1/SAM_GROUP/Datasets/polyp/TestDataset/CVC-ColonDB/images_1024/51.png,val,/mnt/DATA-1/SAM_GROUP/Datasets/polyp/TestDataset/CVC-ColonDB/masks_1024/51.png
/mnt/DATA-1/SAM_GROUP/Datasets/polyp/TestDataset/CVC-ColonDB/images_1024/52.png,val,/mnt/DATA-1/SAM_GROUP/Datasets/polyp/TestDataset/CVC-ColonDB/masks_1024/52.png
/mnt/DATA-1/SAM_GROUP/Datasets/polyp/TestDataset/CVC-ColonDB/images_1024/53.png,val,/mnt/DATA-1/SAM_GROUP/Datasets/polyp/TestDataset/CVC-ColonDB/masks_1024/53.png
/mnt/DATA-1/SAM_GROUP/Datasets/polyp/TestDataset/CVC-ColonDB/images_1024/54.png,val,/mnt/DATA-1/SAM_GROUP/Datasets/polyp/TestDataset/CVC-ColonDB/masks_1024/54.png
/mnt/DATA-1/SAM_GROUP/Datasets/polyp/TestDataset/CVC-ColonDB/images_1024/55.png,val,/mnt/DATA-1/SAM_GROUP/Datasets/polyp/TestDataset/CVC-ColonDB/masks_1024/55.png
/mnt/DATA-1/SAM_GROUP/Datasets/polyp/TestDataset/CVC-ColonDB/images_1024/56.png,val,/mnt/DATA-1/SAM_GROUP/Datasets/polyp/TestDataset/CVC-ColonDB/masks_1024/56.png
/mnt/DATA-1/SAM_GROUP/Datasets/polyp/TestDataset/CVC-ColonDB/images_1024/57.png,val,/mnt/DATA-1/SAM_GROUP/Datasets/polyp/TestDataset/CVC-ColonDB/masks_1024/57.png
/mnt/DATA-1/SAM_GROUP/Datasets/polyp/TestDataset/CVC-ColonDB/images_1024/58.png,val,/mnt/DATA-1/SAM_GROUP/Datasets/polyp/TestDataset/CVC-ColonDB/masks_1024/58.png
/mnt/DATA-1/SAM_GROUP/Datasets/polyp/TestDataset/CVC-ColonDB/images_1024/59.png,val,/mnt/DATA-1/SAM_GROUP/Datasets/polyp/TestDataset/CVC-ColonDB/masks_1024/59.png
/mnt/DATA-1/SAM_GROUP/Datasets/polyp/TestDataset/CVC-ColonDB/images_1024/60.png,val,/mnt/DATA-1/SAM_GROUP/Datasets/polyp/TestDataset/CVC-ColonDB/masks_1024/60.png
/mnt/DATA-1/SAM_GROUP/Datasets/polyp/TestDataset/CVC-ColonDB/images_1024/61.png,val,/mnt/DATA-1/SAM_GROUP/Datasets/polyp/TestDataset/CVC-ColonDB/masks_1024/61.png
/mnt/DATA-1/SAM_GROUP/Datasets/polyp/TestDataset/CVC-ColonDB/images_1024/62.png,val,/mnt/DATA-1/SAM_GROUP/Datasets/polyp/TestDataset/CVC-ColonDB/masks_1024/62.png
/mnt/DATA-1/SAM_GROUP/Datasets/polyp/TestDataset/CVC-ColonDB/images_1024/63.png,val,/mnt/DATA-1/SAM_GROUP/Datasets/polyp/TestDataset/CVC-ColonDB/masks_1024/63.png
/mnt/DATA-1/SAM_GROUP/Datasets/polyp/TestDataset/CVC-ColonDB/images_1024/64.png,val,/mnt/DATA-1/SAM_GROUP/Datasets/polyp/TestDataset/CVC-ColonDB/masks_1024/64.png
/mnt/DATA-1/SAM_GROUP/Datasets/polyp/TestDataset/CVC-ColonDB/images_1024/65.png,val,/mnt/DATA-1/SAM_GROUP/Datasets/polyp/TestDataset/CVC-ColonDB/masks_1024/65.png
/mnt/DATA-1/SAM_GROUP/Datasets/polyp/TestDataset/CVC-ColonDB/images_1024/66.png,val,/mnt/DATA-1/SAM_GROUP/Datasets/polyp/TestDataset/CVC-ColonDB/masks_1024/66.png
/mnt/DATA-1/SAM_GROUP/Datasets/polyp/TestDataset/CVC-ColonDB/images_1024/67.png,val,/mnt/DATA-1/SAM_GROUP/Datasets/polyp/TestDataset/CVC-ColonDB/masks_1024/67.png
/mnt/DATA-1/SAM_GROUP/Datasets/polyp/TestDataset/CVC-ColonDB/images_1024/68.png,val,/mnt/DATA-1/SAM_GROUP/Datasets/polyp/TestDataset/CVC-ColonDB/masks_1024/68.png
/mnt/DATA-1/SAM_GROUP/Datasets/polyp/TestDataset/CVC-ColonDB/images_1024/69.png,val,/mnt/DATA-1/SAM_GROUP/Datasets/polyp/TestDataset/CVC-ColonDB/masks_1024/69.png
/mnt/DATA-1/SAM_GROUP/Datasets/polyp/TestDataset/CVC-ColonDB/images_1024/70.png,val,/mnt/DATA-1/SAM_GROUP/Datasets/polyp/TestDataset/CVC-ColonDB/masks_1024/70.png
/mnt/DATA-1/SAM_GROUP/Datasets/polyp/TestDataset/CVC-ColonDB/images_1024/71.png,val,/mnt/DATA-1/SAM_GROUP/Datasets/polyp/TestDataset/CVC-ColonDB/masks_1024/71.png
/mnt/DATA-1/SAM_GROUP/Datasets/polyp/TestDataset/CVC-ColonDB/images_1024/72.png,val,/mnt/DATA-1/SAM_GROUP/Datasets/polyp/TestDataset/CVC-ColonDB/masks_1024/72.png
/mnt/DATA-1/SAM_GROUP/Datasets/polyp/TestDataset/CVC-ColonDB/images_1024/73.png,val,/mnt/DATA-1/SAM_GROUP/Datasets/polyp/TestDataset/CVC-ColonDB/masks_1024/73.png
/mnt/DATA-1/SAM_GROUP/Datasets/polyp/TestDataset/CVC-ColonDB/images_1024/74.png,val,/mnt/DATA-1/SAM_GROUP/Datasets/polyp/TestDataset/CVC-ColonDB/masks_1024/74.png
/mnt/DATA-1/SAM_GROUP/Datasets/polyp/TestDataset/CVC-ColonDB/images_1024/75.png,val,/mnt/DATA-1/SAM_GROUP/Datasets/polyp/TestDataset/CVC-ColonDB/masks_1024/75.png
/mnt/DATA-1/SAM_GROUP/Datasets/polyp/TestDataset/CVC-ColonDB/images_1024/76.png,val,/mnt/DATA-1/SAM_GROUP/Datasets/polyp/TestDataset/CVC-ColonDB/masks_1024/76.png
/mnt/DATA-1/SAM_GROUP/Datasets/polyp/TestDataset/CVC-ColonDB/images_1024/77.png,val,/mnt/DATA-1/SAM_GROUP/Datasets/polyp/TestDataset/CVC-ColonDB/masks_1024/77.png
/mnt/DATA-1/SAM_GROUP/Datasets/polyp/TestDataset/CVC-ColonDB/images_1024/78.png,val,/mnt/DATA-1/SAM_GROUP/Datasets/polyp/TestDataset/CVC-ColonDB/masks_1024/78.png
/mnt/DATA-1/SAM_GROUP/Datasets/polyp/TestDataset/CVC-ColonDB/images_1024/79.png,val,/mnt/DATA-1/SAM_GROUP/Datasets/polyp/TestDataset/CVC-ColonDB/masks_1024/79.png
/mnt/DATA-1/SAM_GROUP/Datasets/polyp/TestDataset/CVC-ColonDB/images_1024/80.png,val,/mnt/DATA-1/SAM_GROUP/Datasets/polyp/TestDataset/CVC-ColonDB/masks_1024/80.png
/mnt/DATA-1/SAM_GROUP/Datasets/polyp/TestDataset/CVC-ColonDB/images_1024/81.png,val,/mnt/DATA-1/SAM_GROUP/Datasets/polyp/TestDataset/CVC-ColonDB/masks_1024/81.png
/mnt/DATA-1/SAM_GROUP/Datasets/polyp/TestDataset/CVC-ColonDB/images_1024/82.png,val,/mnt/DATA-1/SAM_GROUP/Datasets/polyp/TestDataset/CVC-ColonDB/masks_1024/82.png
/mnt/DATA-1/SAM_GROUP/Datasets/polyp/TestDataset/CVC-ColonDB/images_1024/83.png,val,/mnt/DATA-1/SAM_GROUP/Datasets/polyp/TestDataset/CVC-ColonDB/masks_1024/83.png
/mnt/DATA-1/SAM_GROUP/Datasets/polyp/TestDataset/CVC-ColonDB/images_1024/84.png,val,/mnt/DATA-1/SAM_GROUP/Datasets/polyp/TestDataset/CVC-ColonDB/masks_1024/84.png
/mnt/DATA-1/SAM_GROUP/Datasets/polyp/TestDataset/CVC-ColonDB/images_1024/85.png,val,/mnt/DATA-1/SAM_GROUP/Datasets/polyp/TestDataset/CVC-ColonDB/masks_1024/85.png
/mnt/DATA-1/SAM_GROUP/Datasets/polyp/TestDataset/CVC-ColonDB/images_1024/86.png,val,/mnt/DATA-1/SAM_GROUP/Datasets/polyp/TestDataset/CVC-ColonDB/masks_1024/86.png
/mnt/DATA-1/SAM_GROUP/Datasets/polyp/TestDataset/CVC-ColonDB/images_1024/87.png,val,/mnt/DATA-1/SAM_GROUP/Datasets/polyp/TestDataset/CVC-ColonDB/masks_1024/87.png
/mnt/DATA-1/SAM_GROUP/Datasets/polyp/TestDataset/CVC-ColonDB/images_1024/88.png,val,/mnt/DATA-1/SAM_GROUP/Datasets/polyp/TestDataset/CVC-ColonDB/masks_1024/88.png
/mnt/DATA-1/SAM_GROUP/Datasets/polyp/TestDataset/CVC-ColonDB/images_1024/89.png,val,/mnt/DATA-1/SAM_GROUP/Datasets/polyp/TestDataset/CVC-ColonDB/masks_1024/89.png
/mnt/DATA-1/SAM_GROUP/Datasets/polyp/TestDataset/CVC-ColonDB/images_1024/90.png,val,/mnt/DATA-1/SAM_GROUP/Datasets/polyp/TestDataset/CVC-ColonDB/masks_1024/90.png
/mnt/DATA-1/SAM_GROUP/Datasets/polyp/TestDataset/CVC-ColonDB/images_1024/91.png,val,/mnt/DATA-1/SAM_GROUP/Datasets/polyp/TestDataset/CVC-ColonDB/masks_1024/91.png
/mnt/DATA-1/SAM_GROUP/Datasets/polyp/TestDataset/CVC-ColonDB/images_1024/92.png,val,/mnt/DATA-1/SAM_GROUP/Datasets/polyp/TestDataset/CVC-ColonDB/masks_1024/92.png
/mnt/DATA-1/SAM_GROUP/Datasets/polyp/TestDataset/CVC-ColonDB/images_1024/93.png,val,/mnt/DATA-1/SAM_GROUP/Datasets/polyp/TestDataset/CVC-ColonDB/masks_1024/93.png
/mnt/DATA-1/SAM_GROUP/Datasets/polyp/TestDataset/CVC-ColonDB/images_1024/94.png,val,/mnt/DATA-1/SAM_GROUP/Datasets/polyp/TestDataset/CVC-ColonDB/masks_1024/94.png
/mnt/DATA-1/SAM_GROUP/Datasets/polyp/TestDataset/CVC-ColonDB/images_1024/95.png,val,/mnt/DATA-1/SAM_GROUP/Datasets/polyp/TestDataset/CVC-ColonDB/masks_1024/95.png
/mnt/DATA-1/SAM_GROUP/Datasets/polyp/TestDataset/CVC-ColonDB/images_1024/96.png,val,/mnt/DATA-1/SAM_GROUP/Datasets/polyp/TestDataset/CVC-ColonDB/masks_1024/96.png
/mnt/DATA-1/SAM_GROUP/Datasets/polyp/TestDataset/CVC-ColonDB/images_1024/97.png,val,/mnt/DATA-1/SAM_GROUP/Datasets/polyp/TestDataset/CVC-ColonDB/masks_1024/97.png
/mnt/DATA-1/SAM_GROUP/Datasets/polyp/TestDataset/CVC-ColonDB/images_1024/98.png,val,/mnt/DATA-1/SAM_GROUP/Datasets/polyp/TestDataset/CVC-ColonDB/masks_1024/98.png
/mnt/DATA-1/SAM_GROUP/Datasets/polyp/TestDataset/CVC-ColonDB/images_1024/99.png,val,/mnt/DATA-1/SAM_GROUP/Datasets/polyp/TestDataset/CVC-ColonDB/masks_1024/99.png
/mnt/DATA-1/SAM_GROUP/Datasets/polyp/TestDataset/CVC-ColonDB/images_1024/100.png,val,/mnt/DATA-1/SAM_GROUP/Datasets/polyp/TestDataset/CVC-ColonDB/masks_1024/100.png
/mnt/DATA-1/SAM_GROUP/Datasets/polyp/TestDataset/CVC-ColonDB/images_1024/101.png,val,/mnt/DATA-1/SAM_GROUP/Datasets/polyp/TestDataset/CVC-ColonDB/masks_1024/101.png
/mnt/DATA-1/SAM_GROUP/Datasets/polyp/TestDataset/CVC-ColonDB/images_1024/102.png,val,/mnt/DATA-1/SAM_GROUP/Datasets/polyp/TestDataset/CVC-ColonDB/masks_1024/102.png
/mnt/DATA-1/SAM_GROUP/Datasets/polyp/TestDataset/CVC-ColonDB/images_1024/103.png,val,/mnt/DATA-1/SAM_GROUP/Datasets/polyp/TestDataset/CVC-ColonDB/masks_1024/103.png
/mnt/DATA-1/SAM_GROUP/Datasets/polyp/TestDataset/CVC-ColonDB/images_1024/104.png,val,/mnt/DATA-1/SAM_GROUP/Datasets/polyp/TestDataset/CVC-ColonDB/masks_1024/104.png
/mnt/DATA-1/SAM_GROUP/Datasets/polyp/TestDataset/CVC-ColonDB/images_1024/105.png,val,/mnt/DATA-1/SAM_GROUP/Datasets/polyp/TestDataset/CVC-ColonDB/masks_1024/105.png
/mnt/DATA-1/SAM_GROUP/Datasets/polyp/TestDataset/CVC-ColonDB/images_1024/106.png,val,/mnt/DATA-1/SAM_GROUP/Datasets/polyp/TestDataset/CVC-ColonDB/masks_1024/106.png
/mnt/DATA-1/SAM_GROUP/Datasets/polyp/TestDataset/CVC-ColonDB/images_1024/107.png,val,/mnt/DATA-1/SAM_GROUP/Datasets/polyp/TestDataset/CVC-ColonDB/masks_1024/107.png
/mnt/DATA-1/SAM_GROUP/Datasets/polyp/TestDataset/CVC-ColonDB/images_1024/108.png,val,/mnt/DATA-1/SAM_GROUP/Datasets/polyp/TestDataset/CVC-ColonDB/masks_1024/108.png
/mnt/DATA-1/SAM_GROUP/Datasets/polyp/TestDataset/CVC-ColonDB/images_1024/109.png,val,/mnt/DATA-1/SAM_GROUP/Datasets/polyp/TestDataset/CVC-ColonDB/masks_1024/109.png
/mnt/DATA-1/SAM_GROUP/Datasets/polyp/TestDataset/CVC-ColonDB/images_1024/110.png,val,/mnt/DATA-1/SAM_GROUP/Datasets/polyp/TestDataset/CVC-ColonDB/masks_1024/110.png
/mnt/DATA-1/SAM_GROUP/Datasets/polyp/TestDataset/CVC-ColonDB/images_1024/111.png,val,/mnt/DATA-1/SAM_GROUP/Datasets/polyp/TestDataset/CVC-ColonDB/masks_1024/111.png
/mnt/DATA-1/SAM_GROUP/Datasets/polyp/TestDataset/CVC-ColonDB/images_1024/112.png,val,/mnt/DATA-1/SAM_GROUP/Datasets/polyp/TestDataset/CVC-ColonDB/masks_1024/112.png
/mnt/DATA-1/SAM_GROUP/Datasets/polyp/TestDataset/CVC-ColonDB/images_1024/113.png,val,/mnt/DATA-1/SAM_GROUP/Datasets/polyp/TestDataset/CVC-ColonDB/masks_1024/113.png
/mnt/DATA-1/SAM_GROUP/Datasets/polyp/TestDataset/CVC-ColonDB/images_1024/114.png,val,/mnt/DATA-1/SAM_GROUP/Datasets/polyp/TestDataset/CVC-ColonDB/masks_1024/114.png
/mnt/DATA-1/SAM_GROUP/Datasets/polyp/TestDataset/CVC-ColonDB/images_1024/115.png,val,/mnt/DATA-1/SAM_GROUP/Datasets/polyp/TestDataset/CVC-ColonDB/masks_1024/115.png
/mnt/DATA-1/SAM_GROUP/Datasets/polyp/TestDataset/CVC-ColonDB/images_1024/116.png,val,/mnt/DATA-1/SAM_GROUP/Datasets/polyp/TestDataset/CVC-ColonDB/masks_1024/116.png
/mnt/DATA-1/SAM_GROUP/Datasets/polyp/TestDataset/CVC-ColonDB/images_1024/117.png,val,/mnt/DATA-1/SAM_GROUP/Datasets/polyp/TestDataset/CVC-ColonDB/masks_1024/117.png
/mnt/DATA-1/SAM_GROUP/Datasets/polyp/TestDataset/CVC-ColonDB/images_1024/118.png,val,/mnt/DATA-1/SAM_GROUP/Datasets/polyp/TestDataset/CVC-ColonDB/masks_1024/118.png
/mnt/DATA-1/SAM_GROUP/Datasets/polyp/TestDataset/CVC-ColonDB/images_1024/119.png,val,/mnt/DATA-1/SAM_GROUP/Datasets/polyp/TestDataset/CVC-ColonDB/masks_1024/119.png
/mnt/DATA-1/SAM_GROUP/Datasets/polyp/TestDataset/CVC-ColonDB/images_1024/120.png,val,/mnt/DATA-1/SAM_GROUP/Datasets/polyp/TestDataset/CVC-ColonDB/masks_1024/120.png
/mnt/DATA-1/SAM_GROUP/Datasets/polyp/TestDataset/CVC-ColonDB/images_1024/121.png,val,/mnt/DATA-1/SAM_GROUP/Datasets/polyp/TestDataset/CVC-ColonDB/masks_1024/121.png
/mnt/DATA-1/SAM_GROUP/Datasets/polyp/TestDataset/CVC-ColonDB/images_1024/122.png,val,/mnt/DATA-1/SAM_GROUP/Datasets/polyp/TestDataset/CVC-ColonDB/masks_1024/122.png
/mnt/DATA-1/SAM_GROUP/Datasets/polyp/TestDataset/CVC-ColonDB/images_1024/123.png,val,/mnt/DATA-1/SAM_GROUP/Datasets/polyp/TestDataset/CVC-ColonDB/masks_1024/123.png
/mnt/DATA-1/SAM_GROUP/Datasets/polyp/TestDataset/CVC-ColonDB/images_1024/124.png,val,/mnt/DATA-1/SAM_GROUP/Datasets/polyp/TestDataset/CVC-ColonDB/masks_1024/124.png
/mnt/DATA-1/SAM_GROUP/Datasets/polyp/TestDataset/CVC-ColonDB/images_1024/125.png,val,/mnt/DATA-1/SAM_GROUP/Datasets/polyp/TestDataset/CVC-ColonDB/masks_1024/125.png
/mnt/DATA-1/SAM_GROUP/Datasets/polyp/TestDataset/CVC-ColonDB/images_1024/126.png,val,/mnt/DATA-1/SAM_GROUP/Datasets/polyp/TestDataset/CVC-ColonDB/masks_1024/126.png
/mnt/DATA-1/SAM_GROUP/Datasets/polyp/TestDataset/CVC-ColonDB/images_1024/127.png,val,/mnt/DATA-1/SAM_GROUP/Datasets/polyp/TestDataset/CVC-ColonDB/masks_1024/127.png
/mnt/DATA-1/SAM_GROUP/Datasets/polyp/TestDataset/CVC-ColonDB/images_1024/128.png,val,/mnt/DATA-1/SAM_GROUP/Datasets/polyp/TestDataset/CVC-ColonDB/masks_1024/128.png
/mnt/DATA-1/SAM_GROUP/Datasets/polyp/TestDataset/CVC-ColonDB/images_1024/129.png,val,/mnt/DATA-1/SAM_GROUP/Datasets/polyp/TestDataset/CVC-ColonDB/masks_1024/129.png
/mnt/DATA-1/SAM_GROUP/Datasets/polyp/TestDataset/CVC-ColonDB/images_1024/130.png,val,/mnt/DATA-1/SAM_GROUP/Datasets/polyp/TestDataset/CVC-ColonDB/masks_1024/130.png
/mnt/DATA-1/SAM_GROUP/Datasets/polyp/TestDataset/CVC-ColonDB/images_1024/131.png,val,/mnt/DATA-1/SAM_GROUP/Datasets/polyp/TestDataset/CVC-ColonDB/masks_1024/131.png
/mnt/DATA-1/SAM_GROUP/Datasets/polyp/TestDataset/CVC-ColonDB/images_1024/132.png,val,/mnt/DATA-1/SAM_GROUP/Datasets/polyp/TestDataset/CVC-ColonDB/masks_1024/132.png
/mnt/DATA-1/SAM_GROUP/Datasets/polyp/TestDataset/CVC-ColonDB/images_1024/133.png,val,/mnt/DATA-1/SAM_GROUP/Datasets/polyp/TestDataset/CVC-ColonDB/masks_1024/133.png
/mnt/DATA-1/SAM_GROUP/Datasets/polyp/TestDataset/CVC-ColonDB/images_1024/134.png,val,/mnt/DATA-1/SAM_GROUP/Datasets/polyp/TestDataset/CVC-ColonDB/masks_1024/134.png
/mnt/DATA-1/SAM_GROUP/Datasets/polyp/TestDataset/CVC-ColonDB/images_1024/135.png,val,/mnt/DATA-1/SAM_GROUP/Datasets/polyp/TestDataset/CVC-ColonDB/masks_1024/135.png
/mnt/DATA-1/SAM_GROUP/Datasets/polyp/TestDataset/CVC-ColonDB/images_1024/136.png,val,/mnt/DATA-1/SAM_GROUP/Datasets/polyp/TestDataset/CVC-ColonDB/masks_1024/136.png
/mnt/DATA-1/SAM_GROUP/Datasets/polyp/TestDataset/CVC-ColonDB/images_1024/137.png,val,/mnt/DATA-1/SAM_GROUP/Datasets/polyp/TestDataset/CVC-ColonDB/masks_1024/137.png
/mnt/DATA-1/SAM_GROUP/Datasets/polyp/TestDataset/CVC-ColonDB/images_1024/138.png,val,/mnt/DATA-1/SAM_GROUP/Datasets/polyp/TestDataset/CVC-ColonDB/masks_1024/138.png
/mnt/DATA-1/SAM_GROUP/Datasets/polyp/TestDataset/CVC-ColonDB/images_1024/139.png,val,/mnt/DATA-1/SAM_GROUP/Datasets/polyp/TestDataset/CVC-ColonDB/masks_1024/139.png
/mnt/DATA-1/SAM_GROUP/Datasets/polyp/TestDataset/CVC-ColonDB/images_1024/140.png,val,/mnt/DATA-1/SAM_GROUP/Datasets/polyp/TestDataset/CVC-ColonDB/masks_1024/140.png
/mnt/DATA-1/SAM_GROUP/Datasets/polyp/TestDataset/CVC-ColonDB/images_1024/141.png,val,/mnt/DATA-1/SAM_GROUP/Datasets/polyp/TestDataset/CVC-ColonDB/masks_1024/141.png
/mnt/DATA-1/SAM_GROUP/Datasets/polyp/TestDataset/CVC-ColonDB/images_1024/142.png,val,/mnt/DATA-1/SAM_GROUP/Datasets/polyp/TestDataset/CVC-ColonDB/masks_1024/142.png
/mnt/DATA-1/SAM_GROUP/Datasets/polyp/TestDataset/CVC-ColonDB/images_1024/143.png,val,/mnt/DATA-1/SAM_GROUP/Datasets/polyp/TestDataset/CVC-ColonDB/masks_1024/143.png
/mnt/DATA-1/SAM_GROUP/Datasets/polyp/TestDataset/CVC-ColonDB/images_1024/144.png,val,/mnt/DATA-1/SAM_GROUP/Datasets/polyp/TestDataset/CVC-ColonDB/masks_1024/144.png
/mnt/DATA-1/SAM_GROUP/Datasets/polyp/TestDataset/CVC-ColonDB/images_1024/145.png,val,/mnt/DATA-1/SAM_GROUP/Datasets/polyp/TestDataset/CVC-ColonDB/masks_1024/145.png
/mnt/DATA-1/SAM_GROUP/Datasets/polyp/TestDataset/CVC-ColonDB/images_1024/146.png,val,/mnt/DATA-1/SAM_GROUP/Datasets/polyp/TestDataset/CVC-ColonDB/masks_1024/146.png
/mnt/DATA-1/SAM_GROUP/Datasets/polyp/TestDataset/CVC-ColonDB/images_1024/147.png,val,/mnt/DATA-1/SAM_GROUP/Datasets/polyp/TestDataset/CVC-ColonDB/masks_1024/147.png
/mnt/DATA-1/SAM_GROUP/Datasets/polyp/TestDataset/CVC-ColonDB/images_1024/148.png,val,/mnt/DATA-1/SAM_GROUP/Datasets/polyp/TestDataset/CVC-ColonDB/masks_1024/148.png
/mnt/DATA-1/SAM_GROUP/Datasets/polyp/TestDataset/CVC-ColonDB/images_1024/149.png,val,/mnt/DATA-1/SAM_GROUP/Datasets/polyp/TestDataset/CVC-ColonDB/masks_1024/149.png
/mnt/DATA-1/SAM_GROUP/Datasets/polyp/TestDataset/CVC-ColonDB/images_1024/150.png,val,/mnt/DATA-1/SAM_GROUP/Datasets/polyp/TestDataset/CVC-ColonDB/masks_1024/150.png
/mnt/DATA-1/SAM_GROUP/Datasets/polyp/TestDataset/CVC-ColonDB/images_1024/151.png,val,/mnt/DATA-1/SAM_GROUP/Datasets/polyp/TestDataset/CVC-ColonDB/masks_1024/151.png
/mnt/DATA-1/SAM_GROUP/Datasets/polyp/TestDataset/CVC-ColonDB/images_1024/152.png,val,/mnt/DATA-1/SAM_GROUP/Datasets/polyp/TestDataset/CVC-ColonDB/masks_1024/152.png
/mnt/DATA-1/SAM_GROUP/Datasets/polyp/TestDataset/CVC-ColonDB/images_1024/153.png,val,/mnt/DATA-1/SAM_GROUP/Datasets/polyp/TestDataset/CVC-ColonDB/masks_1024/153.png
/mnt/DATA-1/SAM_GROUP/Datasets/polyp/TestDataset/CVC-ColonDB/images_1024/154.png,val,/mnt/DATA-1/SAM_GROUP/Datasets/polyp/TestDataset/CVC-ColonDB/masks_1024/154.png
/mnt/DATA-1/SAM_GROUP/Datasets/polyp/TestDataset/CVC-ColonDB/images_1024/155.png,val,/mnt/DATA-1/SAM_GROUP/Datasets/polyp/TestDataset/CVC-ColonDB/masks_1024/155.png
/mnt/DATA-1/SAM_GROUP/Datasets/polyp/TestDataset/CVC-ColonDB/images_1024/156.png,val,/mnt/DATA-1/SAM_GROUP/Datasets/polyp/TestDataset/CVC-ColonDB/masks_1024/156.png
/mnt/DATA-1/SAM_GROUP/Datasets/polyp/TestDataset/CVC-ColonDB/images_1024/157.png,val,/mnt/DATA-1/SAM_GROUP/Datasets/polyp/TestDataset/CVC-ColonDB/masks_1024/157.png
/mnt/DATA-1/SAM_GROUP/Datasets/polyp/TestDataset/CVC-ColonDB/images_1024/158.png,val,/mnt/DATA-1/SAM_GROUP/Datasets/polyp/TestDataset/CVC-ColonDB/masks_1024/158.png
/mnt/DATA-1/SAM_GROUP/Datasets/polyp/TestDataset/CVC-ColonDB/images_1024/159.png,val,/mnt/DATA-1/SAM_GROUP/Datasets/polyp/TestDataset/CVC-ColonDB/masks_1024/159.png
/mnt/DATA-1/SAM_GROUP/Datasets/polyp/TestDataset/CVC-ColonDB/images_1024/160.png,val,/mnt/DATA-1/SAM_GROUP/Datasets/polyp/TestDataset/CVC-ColonDB/masks_1024/160.png
/mnt/DATA-1/SAM_GROUP/Datasets/polyp/TestDataset/CVC-ColonDB/images_1024/161.png,val,/mnt/DATA-1/SAM_GROUP/Datasets/polyp/TestDataset/CVC-ColonDB/masks_1024/161.png
/mnt/DATA-1/SAM_GROUP/Datasets/polyp/TestDataset/CVC-ColonDB/images_1024/162.png,val,/mnt/DATA-1/SAM_GROUP/Datasets/polyp/TestDataset/CVC-ColonDB/masks_1024/162.png
/mnt/DATA-1/SAM_GROUP/Datasets/polyp/TestDataset/CVC-ColonDB/images_1024/163.png,val,/mnt/DATA-1/SAM_GROUP/Datasets/polyp/TestDataset/CVC-ColonDB/masks_1024/163.png
/mnt/DATA-1/SAM_GROUP/Datasets/polyp/TestDataset/CVC-ColonDB/images_1024/164.png,val,/mnt/DATA-1/SAM_GROUP/Datasets/polyp/TestDataset/CVC-ColonDB/masks_1024/164.png
/mnt/DATA-1/SAM_GROUP/Datasets/polyp/TestDataset/CVC-ColonDB/images_1024/165.png,val,/mnt/DATA-1/SAM_GROUP/Datasets/polyp/TestDataset/CVC-ColonDB/masks_1024/165.png
/mnt/DATA-1/SAM_GROUP/Datasets/polyp/TestDataset/CVC-ColonDB/images_1024/166.png,val,/mnt/DATA-1/SAM_GROUP/Datasets/polyp/TestDataset/CVC-ColonDB/masks_1024/166.png
/mnt/DATA-1/SAM_GROUP/Datasets/polyp/TestDataset/CVC-ColonDB/images_1024/167.png,val,/mnt/DATA-1/SAM_GROUP/Datasets/polyp/TestDataset/CVC-ColonDB/masks_1024/167.png
/mnt/DATA-1/SAM_GROUP/Datasets/polyp/TestDataset/CVC-ColonDB/images_1024/168.png,val,/mnt/DATA-1/SAM_GROUP/Datasets/polyp/TestDataset/CVC-ColonDB/masks_1024/168.png
/mnt/DATA-1/SAM_GROUP/Datasets/polyp/TestDataset/CVC-ColonDB/images_1024/169.png,val,/mnt/DATA-1/SAM_GROUP/Datasets/polyp/TestDataset/CVC-ColonDB/masks_1024/169.png
/mnt/DATA-1/SAM_GROUP/Datasets/polyp/TestDataset/CVC-ColonDB/images_1024/170.png,val,/mnt/DATA-1/SAM_GROUP/Datasets/polyp/TestDataset/CVC-ColonDB/masks_1024/170.png
/mnt/DATA-1/SAM_GROUP/Datasets/polyp/TestDataset/CVC-ColonDB/images_1024/171.png,val,/mnt/DATA-1/SAM_GROUP/Datasets/polyp/TestDataset/CVC-ColonDB/masks_1024/171.png
/mnt/DATA-1/SAM_GROUP/Datasets/polyp/TestDataset/CVC-ColonDB/images_1024/172.png,val,/mnt/DATA-1/SAM_GROUP/Datasets/polyp/TestDataset/CVC-ColonDB/masks_1024/172.png
/mnt/DATA-1/SAM_GROUP/Datasets/polyp/TestDataset/CVC-ColonDB/images_1024/173.png,val,/mnt/DATA-1/SAM_GROUP/Datasets/polyp/TestDataset/CVC-ColonDB/masks_1024/173.png
/mnt/DATA-1/SAM_GROUP/Datasets/polyp/TestDataset/CVC-ColonDB/images_1024/174.png,val,/mnt/DATA-1/SAM_GROUP/Datasets/polyp/TestDataset/CVC-ColonDB/masks_1024/174.png
/mnt/DATA-1/SAM_GROUP/Datasets/polyp/TestDataset/CVC-ColonDB/images_1024/175.png,val,/mnt/DATA-1/SAM_GROUP/Datasets/polyp/TestDataset/CVC-ColonDB/masks_1024/175.png
/mnt/DATA-1/SAM_GROUP/Datasets/polyp/TestDataset/CVC-ColonDB/images_1024/176.png,val,/mnt/DATA-1/SAM_GROUP/Datasets/polyp/TestDataset/CVC-ColonDB/masks_1024/176.png
/mnt/DATA-1/SAM_GROUP/Datasets/polyp/TestDataset/CVC-ColonDB/images_1024/177.png,val,/mnt/DATA-1/SAM_GROUP/Datasets/polyp/TestDataset/CVC-ColonDB/masks_1024/177.png
/mnt/DATA-1/SAM_GROUP/Datasets/polyp/TestDataset/CVC-ColonDB/images_1024/178.png,val,/mnt/DATA-1/SAM_GROUP/Datasets/polyp/TestDataset/CVC-ColonDB/masks_1024/178.png
/mnt/DATA-1/SAM_GROUP/Datasets/polyp/TestDataset/CVC-ColonDB/images_1024/179.png,val,/mnt/DATA-1/SAM_GROUP/Datasets/polyp/TestDataset/CVC-ColonDB/masks_1024/179.png
/mnt/DATA-1/SAM_GROUP/Datasets/polyp/TestDataset/CVC-ColonDB/images_1024/180.png,val,/mnt/DATA-1/SAM_GROUP/Datasets/polyp/TestDataset/CVC-ColonDB/masks_1024/180.png
/mnt/DATA-1/SAM_GROUP/Datasets/polyp/TestDataset/CVC-ColonDB/images_1024/181.png,val,/mnt/DATA-1/SAM_GROUP/Datasets/polyp/TestDataset/CVC-ColonDB/masks_1024/181.png
/mnt/DATA-1/SAM_GROUP/Datasets/polyp/TestDataset/CVC-ColonDB/images_1024/182.png,val,/mnt/DATA-1/SAM_GROUP/Datasets/polyp/TestDataset/CVC-ColonDB/masks_1024/182.png
/mnt/DATA-1/SAM_GROUP/Datasets/polyp/TestDataset/CVC-ColonDB/images_1024/183.png,val,/mnt/DATA-1/SAM_GROUP/Datasets/polyp/TestDataset/CVC-ColonDB/masks_1024/183.png
/mnt/DATA-1/SAM_GROUP/Datasets/polyp/TestDataset/CVC-ColonDB/images_1024/184.png,val,/mnt/DATA-1/SAM_GROUP/Datasets/polyp/TestDataset/CVC-ColonDB/masks_1024/184.png
/mnt/DATA-1/SAM_GROUP/Datasets/polyp/TestDataset/CVC-ColonDB/images_1024/185.png,val,/mnt/DATA-1/SAM_GROUP/Datasets/polyp/TestDataset/CVC-ColonDB/masks_1024/185.png
/mnt/DATA-1/SAM_GROUP/Datasets/polyp/TestDataset/CVC-ColonDB/images_1024/186.png,val,/mnt/DATA-1/SAM_GROUP/Datasets/polyp/TestDataset/CVC-ColonDB/masks_1024/186.png
/mnt/DATA-1/SAM_GROUP/Datasets/polyp/TestDataset/CVC-ColonDB/images_1024/187.png,val,/mnt/DATA-1/SAM_GROUP/Datasets/polyp/TestDataset/CVC-ColonDB/masks_1024/187.png
/mnt/DATA-1/SAM_GROUP/Datasets/polyp/TestDataset/CVC-ColonDB/images_1024/188.png,val,/mnt/DATA-1/SAM_GROUP/Datasets/polyp/TestDataset/CVC-ColonDB/masks_1024/188.png
/mnt/DATA-1/SAM_GROUP/Datasets/polyp/TestDataset/CVC-ColonDB/images_1024/189.png,val,/mnt/DATA-1/SAM_GROUP/Datasets/polyp/TestDataset/CVC-ColonDB/masks_1024/189.png
/mnt/DATA-1/SAM_GROUP/Datasets/polyp/TestDataset/CVC-ColonDB/images_1024/190.png,val,/mnt/DATA-1/SAM_GROUP/Datasets/polyp/TestDataset/CVC-ColonDB/masks_1024/190.png
/mnt/DATA-1/SAM_GROUP/Datasets/polyp/TestDataset/CVC-ColonDB/images_1024/191.png,val,/mnt/DATA-1/SAM_GROUP/Datasets/polyp/TestDataset/CVC-ColonDB/masks_1024/191.png
/mnt/DATA-1/SAM_GROUP/Datasets/polyp/TestDataset/CVC-ColonDB/images_1024/192.png,val,/mnt/DATA-1/SAM_GROUP/Datasets/polyp/TestDataset/CVC-ColonDB/masks_1024/192.png
/mnt/DATA-1/SAM_GROUP/Datasets/polyp/TestDataset/CVC-ColonDB/images_1024/193.png,val,/mnt/DATA-1/SAM_GROUP/Datasets/polyp/TestDataset/CVC-ColonDB/masks_1024/193.png
/mnt/DATA-1/SAM_GROUP/Datasets/polyp/TestDataset/CVC-ColonDB/images_1024/194.png,val,/mnt/DATA-1/SAM_GROUP/Datasets/polyp/TestDataset/CVC-ColonDB/masks_1024/194.png
/mnt/DATA-1/SAM_GROUP/Datasets/polyp/TestDataset/CVC-ColonDB/images_1024/195.png,val,/mnt/DATA-1/SAM_GROUP/Datasets/polyp/TestDataset/CVC-ColonDB/masks_1024/195.png
/mnt/DATA-1/SAM_GROUP/Datasets/polyp/TestDataset/CVC-ColonDB/images_1024/196.png,val,/mnt/DATA-1/SAM_GROUP/Datasets/polyp/TestDataset/CVC-ColonDB/masks_1024/196.png
/mnt/DATA-1/SAM_GROUP/Datasets/polyp/TestDataset/CVC-ColonDB/images_1024/197.png,val,/mnt/DATA-1/SAM_GROUP/Datasets/polyp/TestDataset/CVC-ColonDB/masks_1024/197.png
/mnt/DATA-1/SAM_GROUP/Datasets/polyp/TestDataset/CVC-ColonDB/images_1024/198.png,val,/mnt/DATA-1/SAM_GROUP/Datasets/polyp/TestDataset/CVC-ColonDB/masks_1024/198.png
/mnt/DATA-1/SAM_GROUP/Datasets/polyp/TestDataset/CVC-ColonDB/images_1024/199.png,val,/mnt/DATA-1/SAM_GROUP/Datasets/polyp/TestDataset/CVC-ColonDB/masks_1024/199.png
/mnt/DATA-1/SAM_GROUP/Datasets/polyp/TestDataset/CVC-ColonDB/images_1024/200.png,val,/mnt/DATA-1/SAM_GROUP/Datasets/polyp/TestDataset/CVC-ColonDB/masks_1024/200.png
/mnt/DATA-1/SAM_GROUP/Datasets/polyp/TestDataset/CVC-ColonDB/images_1024/201.png,val,/mnt/DATA-1/SAM_GROUP/Datasets/polyp/TestDataset/CVC-ColonDB/masks_1024/201.png
/mnt/DATA-1/SAM_GROUP/Datasets/polyp/TestDataset/CVC-ColonDB/images_1024/202.png,val,/mnt/DATA-1/SAM_GROUP/Datasets/polyp/TestDataset/CVC-ColonDB/masks_1024/202.png
/mnt/DATA-1/SAM_GROUP/Datasets/polyp/TestDataset/CVC-ColonDB/images_1024/203.png,val,/mnt/DATA-1/SAM_GROUP/Datasets/polyp/TestDataset/CVC-ColonDB/masks_1024/203.png
/mnt/DATA-1/SAM_GROUP/Datasets/polyp/TestDataset/CVC-ColonDB/images_1024/204.png,val,/mnt/DATA-1/SAM_GROUP/Datasets/polyp/TestDataset/CVC-ColonDB/masks_1024/204.png
/mnt/DATA-1/SAM_GROUP/Datasets/polyp/TestDataset/CVC-ColonDB/images_1024/205.png,val,/mnt/DATA-1/SAM_GROUP/Datasets/polyp/TestDataset/CVC-ColonDB/masks_1024/205.png
/mnt/DATA-1/SAM_GROUP/Datasets/polyp/TestDataset/CVC-ColonDB/images_1024/206.png,val,/mnt/DATA-1/SAM_GROUP/Datasets/polyp/TestDataset/CVC-ColonDB/masks_1024/206.png
/mnt/DATA-1/SAM_GROUP/Datasets/polyp/TestDataset/CVC-ColonDB/images_1024/207.png,val,/mnt/DATA-1/SAM_GROUP/Datasets/polyp/TestDataset/CVC-ColonDB/masks_1024/207.png
/mnt/DATA-1/SAM_GROUP/Datasets/polyp/TestDataset/CVC-ColonDB/images_1024/208.png,val,/mnt/DATA-1/SAM_GROUP/Datasets/polyp/TestDataset/CVC-ColonDB/masks_1024/208.png
/mnt/DATA-1/SAM_GROUP/Datasets/polyp/TestDataset/CVC-ColonDB/images_1024/209.png,val,/mnt/DATA-1/SAM_GROUP/Datasets/polyp/TestDataset/CVC-ColonDB/masks_1024/209.png
/mnt/DATA-1/SAM_GROUP/Datasets/polyp/TestDataset/CVC-ColonDB/images_1024/210.png,val,/mnt/DATA-1/SAM_GROUP/Datasets/polyp/TestDataset/CVC-ColonDB/masks_1024/210.png
/mnt/DATA-1/SAM_GROUP/Datasets/polyp/TestDataset/CVC-ColonDB/images_1024/211.png,val,/mnt/DATA-1/SAM_GROUP/Datasets/polyp/TestDataset/CVC-ColonDB/masks_1024/211.png
/mnt/DATA-1/SAM_GROUP/Datasets/polyp/TestDataset/CVC-ColonDB/images_1024/212.png,val,/mnt/DATA-1/SAM_GROUP/Datasets/polyp/TestDataset/CVC-ColonDB/masks_1024/212.png
/mnt/DATA-1/SAM_GROUP/Datasets/polyp/TestDataset/CVC-ColonDB/images_1024/213.png,val,/mnt/DATA-1/SAM_GROUP/Datasets/polyp/TestDataset/CVC-ColonDB/masks_1024/213.png
/mnt/DATA-1/SAM_GROUP/Datasets/polyp/TestDataset/CVC-ColonDB/images_1024/214.png,val,/mnt/DATA-1/SAM_GROUP/Datasets/polyp/TestDataset/CVC-ColonDB/masks_1024/214.png
/mnt/DATA-1/SAM_GROUP/Datasets/polyp/TestDataset/CVC-ColonDB/images_1024/215.png,val,/mnt/DATA-1/SAM_GROUP/Datasets/polyp/TestDataset/CVC-ColonDB/masks_1024/215.png
/mnt/DATA-1/SAM_GROUP/Datasets/polyp/TestDataset/CVC-ColonDB/images_1024/216.png,val,/mnt/DATA-1/SAM_GROUP/Datasets/polyp/TestDataset/CVC-ColonDB/masks_1024/216.png
/mnt/DATA-1/SAM_GROUP/Datasets/polyp/TestDataset/CVC-ColonDB/images_1024/217.png,val,/mnt/DATA-1/SAM_GROUP/Datasets/polyp/TestDataset/CVC-ColonDB/masks_1024/217.png
/mnt/DATA-1/SAM_GROUP/Datasets/polyp/TestDataset/CVC-ColonDB/images_1024/218.png,val,/mnt/DATA-1/SAM_GROUP/Datasets/polyp/TestDataset/CVC-ColonDB/masks_1024/218.png
/mnt/DATA-1/SAM_GROUP/Datasets/polyp/TestDataset/CVC-ColonDB/images_1024/219.png,val,/mnt/DATA-1/SAM_GROUP/Datasets/polyp/TestDataset/CVC-ColonDB/masks_1024/219.png
/mnt/DATA-1/SAM_GROUP/Datasets/polyp/TestDataset/CVC-ColonDB/images_1024/220.png,val,/mnt/DATA-1/SAM_GROUP/Datasets/polyp/TestDataset/CVC-ColonDB/masks_1024/220.png
/mnt/DATA-1/SAM_GROUP/Datasets/polyp/TestDataset/CVC-ColonDB/images_1024/221.png,val,/mnt/DATA-1/SAM_GROUP/Datasets/polyp/TestDataset/CVC-ColonDB/masks_1024/221.png
/mnt/DATA-1/SAM_GROUP/Datasets/polyp/TestDataset/CVC-ColonDB/images_1024/222.png,val,/mnt/DATA-1/SAM_GROUP/Datasets/polyp/TestDataset/CVC-ColonDB/masks_1024/222.png
/mnt/DATA-1/SAM_GROUP/Datasets/polyp/TestDataset/CVC-ColonDB/images_1024/223.png,val,/mnt/DATA-1/SAM_GROUP/Datasets/polyp/TestDataset/CVC-ColonDB/masks_1024/223.png
/mnt/DATA-1/SAM_GROUP/Datasets/polyp/TestDataset/CVC-ColonDB/images_1024/224.png,val,/mnt/DATA-1/SAM_GROUP/Datasets/polyp/TestDataset/CVC-ColonDB/masks_1024/224.png
/mnt/DATA-1/SAM_GROUP/Datasets/polyp/TestDataset/CVC-ColonDB/images_1024/225.png,val,/mnt/DATA-1/SAM_GROUP/Datasets/polyp/TestDataset/CVC-ColonDB/masks_1024/225.png
/mnt/DATA-1/SAM_GROUP/Datasets/polyp/TestDataset/CVC-ColonDB/images_1024/226.png,val,/mnt/DATA-1/SAM_GROUP/Datasets/polyp/TestDataset/CVC-ColonDB/masks_1024/226.png
/mnt/DATA-1/SAM_GROUP/Datasets/polyp/TestDataset/CVC-ColonDB/images_1024/227.png,val,/mnt/DATA-1/SAM_GROUP/Datasets/polyp/TestDataset/CVC-ColonDB/masks_1024/227.png
/mnt/DATA-1/SAM_GROUP/Datasets/polyp/TestDataset/CVC-ColonDB/images_1024/228.png,val,/mnt/DATA-1/SAM_GROUP/Datasets/polyp/TestDataset/CVC-ColonDB/masks_1024/228.png
/mnt/DATA-1/SAM_GROUP/Datasets/polyp/TestDataset/CVC-ColonDB/images_1024/229.png,val,/mnt/DATA-1/SAM_GROUP/Datasets/polyp/TestDataset/CVC-ColonDB/masks_1024/229.png
/mnt/DATA-1/SAM_GROUP/Datasets/polyp/TestDataset/CVC-ColonDB/images_1024/230.png,val,/mnt/DATA-1/SAM_GROUP/Datasets/polyp/TestDataset/CVC-ColonDB/masks_1024/230.png
/mnt/DATA-1/SAM_GROUP/Datasets/polyp/TestDataset/CVC-ColonDB/images_1024/231.png,val,/mnt/DATA-1/SAM_GROUP/Datasets/polyp/TestDataset/CVC-ColonDB/masks_1024/231.png
/mnt/DATA-1/SAM_GROUP/Datasets/polyp/TestDataset/CVC-ColonDB/images_1024/232.png,val,/mnt/DATA-1/SAM_GROUP/Datasets/polyp/TestDataset/CVC-ColonDB/masks_1024/232.png
/mnt/DATA-1/SAM_GROUP/Datasets/polyp/TestDataset/CVC-ColonDB/images_1024/233.png,val,/mnt/DATA-1/SAM_GROUP/Datasets/polyp/TestDataset/CVC-ColonDB/masks_1024/233.png
/mnt/DATA-1/SAM_GROUP/Datasets/polyp/TestDataset/CVC-ColonDB/images_1024/234.png,val,/mnt/DATA-1/SAM_GROUP/Datasets/polyp/TestDataset/CVC-ColonDB/masks_1024/234.png
/mnt/DATA-1/SAM_GROUP/Datasets/polyp/TestDataset/CVC-ColonDB/images_1024/235.png,val,/mnt/DATA-1/SAM_GROUP/Datasets/polyp/TestDataset/CVC-ColonDB/masks_1024/235.png
/mnt/DATA-1/SAM_GROUP/Datasets/polyp/TestDataset/CVC-ColonDB/images_1024/236.png,val,/mnt/DATA-1/SAM_GROUP/Datasets/polyp/TestDataset/CVC-ColonDB/masks_1024/236.png
/mnt/DATA-1/SAM_GROUP/Datasets/polyp/TestDataset/CVC-ColonDB/images_1024/237.png,val,/mnt/DATA-1/SAM_GROUP/Datasets/polyp/TestDataset/CVC-ColonDB/masks_1024/237.png
/mnt/DATA-1/SAM_GROUP/Datasets/polyp/TestDataset/CVC-ColonDB/images_1024/238.png,val,/mnt/DATA-1/SAM_GROUP/Datasets/polyp/TestDataset/CVC-ColonDB/masks_1024/238.png
/mnt/DATA-1/SAM_GROUP/Datasets/polyp/TestDataset/CVC-ColonDB/images_1024/239.png,val,/mnt/DATA-1/SAM_GROUP/Datasets/polyp/TestDataset/CVC-ColonDB/masks_1024/239.png
/mnt/DATA-1/SAM_GROUP/Datasets/polyp/TestDataset/CVC-ColonDB/images_1024/240.png,val,/mnt/DATA-1/SAM_GROUP/Datasets/polyp/TestDataset/CVC-ColonDB/masks_1024/240.png
/mnt/DATA-1/SAM_GROUP/Datasets/polyp/TestDataset/CVC-ColonDB/images_1024/241.png,val,/mnt/DATA-1/SAM_GROUP/Datasets/polyp/TestDataset/CVC-ColonDB/masks_1024/241.png
/mnt/DATA-1/SAM_GROUP/Datasets/polyp/TestDataset/CVC-ColonDB/images_1024/242.png,val,/mnt/DATA-1/SAM_GROUP/Datasets/polyp/TestDataset/CVC-ColonDB/masks_1024/242.png
/mnt/DATA-1/SAM_GROUP/Datasets/polyp/TestDataset/CVC-ColonDB/images_1024/243.png,val,/mnt/DATA-1/SAM_GROUP/Datasets/polyp/TestDataset/CVC-ColonDB/masks_1024/243.png
/mnt/DATA-1/SAM_GROUP/Datasets/polyp/TestDataset/CVC-ColonDB/images_1024/244.png,val,/mnt/DATA-1/SAM_GROUP/Datasets/polyp/TestDataset/CVC-ColonDB/masks_1024/244.png
/mnt/DATA-1/SAM_GROUP/Datasets/polyp/TestDataset/CVC-ColonDB/images_1024/245.png,val,/mnt/DATA-1/SAM_GROUP/Datasets/polyp/TestDataset/CVC-ColonDB/masks_1024/245.png
/mnt/DATA-1/SAM_GROUP/Datasets/polyp/TestDataset/CVC-ColonDB/images_1024/246.png,val,/mnt/DATA-1/SAM_GROUP/Datasets/polyp/TestDataset/CVC-ColonDB/masks_1024/246.png
/mnt/DATA-1/SAM_GROUP/Datasets/polyp/TestDataset/CVC-ColonDB/images_1024/247.png,val,/mnt/DATA-1/SAM_GROUP/Datasets/polyp/TestDataset/CVC-ColonDB/masks_1024/247.png
/mnt/DATA-1/SAM_GROUP/Datasets/polyp/TestDataset/CVC-ColonDB/images_1024/248.png,val,/mnt/DATA-1/SAM_GROUP/Datasets/polyp/TestDataset/CVC-ColonDB/masks_1024/248.png
/mnt/DATA-1/SAM_GROUP/Datasets/polyp/TestDataset/CVC-ColonDB/images_1024/249.png,val,/mnt/DATA-1/SAM_GROUP/Datasets/polyp/TestDataset/CVC-ColonDB/masks_1024/249.png
/mnt/DATA-1/SAM_GROUP/Datasets/polyp/TestDataset/CVC-ColonDB/images_1024/250.png,val,/mnt/DATA-1/SAM_GROUP/Datasets/polyp/TestDataset/CVC-ColonDB/masks_1024/250.png
/mnt/DATA-1/SAM_GROUP/Datasets/polyp/TestDataset/CVC-ColonDB/images_1024/251.png,val,/mnt/DATA-1/SAM_GROUP/Datasets/polyp/TestDataset/CVC-ColonDB/masks_1024/251.png
/mnt/DATA-1/SAM_GROUP/Datasets/polyp/TestDataset/CVC-ColonDB/images_1024/252.png,val,/mnt/DATA-1/SAM_GROUP/Datasets/polyp/TestDataset/CVC-ColonDB/masks_1024/252.png
/mnt/DATA-1/SAM_GROUP/Datasets/polyp/TestDataset/CVC-ColonDB/images_1024/253.png,val,/mnt/DATA-1/SAM_GROUP/Datasets/polyp/TestDataset/CVC-ColonDB/masks_1024/253.png
/mnt/DATA-1/SAM_GROUP/Datasets/polyp/TestDataset/CVC-ColonDB/images_1024/254.png,val,/mnt/DATA-1/SAM_GROUP/Datasets/polyp/TestDataset/CVC-ColonDB/masks_1024/254.png
/mnt/DATA-1/SAM_GROUP/Datasets/polyp/TestDataset/CVC-ColonDB/images_1024/255.png,val,/mnt/DATA-1/SAM_GROUP/Datasets/polyp/TestDataset/CVC-ColonDB/masks_1024/255.png
/mnt/DATA-1/SAM_GROUP/Datasets/polyp/TestDataset/CVC-ColonDB/images_1024/256.png,val,/mnt/DATA-1/SAM_GROUP/Datasets/polyp/TestDataset/CVC-ColonDB/masks_1024/256.png
/mnt/DATA-1/SAM_GROUP/Datasets/polyp/TestDataset/CVC-ColonDB/images_1024/257.png,val,/mnt/DATA-1/SAM_GROUP/Datasets/polyp/TestDataset/CVC-ColonDB/masks_1024/257.png
/mnt/DATA-1/SAM_GROUP/Datasets/polyp/TestDataset/CVC-ColonDB/images_1024/258.png,val,/mnt/DATA-1/SAM_GROUP/Datasets/polyp/TestDataset/CVC-ColonDB/masks_1024/258.png
/mnt/DATA-1/SAM_GROUP/Datasets/polyp/TestDataset/CVC-ColonDB/images_1024/259.png,val,/mnt/DATA-1/SAM_GROUP/Datasets/polyp/TestDataset/CVC-ColonDB/masks_1024/259.png
/mnt/DATA-1/SAM_GROUP/Datasets/polyp/TestDataset/CVC-ColonDB/images_1024/260.png,val,/mnt/DATA-1/SAM_GROUP/Datasets/polyp/TestDataset/CVC-ColonDB/masks_1024/260.png
/mnt/DATA-1/SAM_GROUP/Datasets/polyp/TestDataset/CVC-ColonDB/images_1024/261.png,val,/mnt/DATA-1/SAM_GROUP/Datasets/polyp/TestDataset/CVC-ColonDB/masks_1024/261.png
/mnt/DATA-1/SAM_GROUP/Datasets/polyp/TestDataset/CVC-ColonDB/images_1024/262.png,val,/mnt/DATA-1/SAM_GROUP/Datasets/polyp/TestDataset/CVC-ColonDB/masks_1024/262.png
/mnt/DATA-1/SAM_GROUP/Datasets/polyp/TestDataset/CVC-ColonDB/images_1024/263.png,val,/mnt/DATA-1/SAM_GROUP/Datasets/polyp/TestDataset/CVC-ColonDB/masks_1024/263.png
/mnt/DATA-1/SAM_GROUP/Datasets/polyp/TestDataset/CVC-ColonDB/images_1024/264.png,val,/mnt/DATA-1/SAM_GROUP/Datasets/polyp/TestDataset/CVC-ColonDB/masks_1024/264.png
/mnt/DATA-1/SAM_GROUP/Datasets/polyp/TestDataset/CVC-ColonDB/images_1024/265.png,val,/mnt/DATA-1/SAM_GROUP/Datasets/polyp/TestDataset/CVC-ColonDB/masks_1024/265.png
/mnt/DATA-1/SAM_GROUP/Datasets/polyp/TestDataset/CVC-ColonDB/images_1024/266.png,val,/mnt/DATA-1/SAM_GROUP/Datasets/polyp/TestDataset/CVC-ColonDB/masks_1024/266.png
/mnt/DATA-1/SAM_GROUP/Datasets/polyp/TestDataset/CVC-ColonDB/images_1024/267.png,val,/mnt/DATA-1/SAM_GROUP/Datasets/polyp/TestDataset/CVC-ColonDB/masks_1024/267.png
/mnt/DATA-1/SAM_GROUP/Datasets/polyp/TestDataset/CVC-ColonDB/images_1024/268.png,val,/mnt/DATA-1/SAM_GROUP/Datasets/polyp/TestDataset/CVC-ColonDB/masks_1024/268.png
/mnt/DATA-1/SAM_GROUP/Datasets/polyp/TestDataset/CVC-ColonDB/images_1024/269.png,val,/mnt/DATA-1/SAM_GROUP/Datasets/polyp/TestDataset/CVC-ColonDB/masks_1024/269.png
/mnt/DATA-1/SAM_GROUP/Datasets/polyp/TestDataset/CVC-ColonDB/images_1024/270.png,val,/mnt/DATA-1/SAM_GROUP/Datasets/polyp/TestDataset/CVC-ColonDB/masks_1024/270.png
/mnt/DATA-1/SAM_GROUP/Datasets/polyp/TestDataset/CVC-ColonDB/images_1024/271.png,val,/mnt/DATA-1/SAM_GROUP/Datasets/polyp/TestDataset/CVC-ColonDB/masks_1024/271.png
/mnt/DATA-1/SAM_GROUP/Datasets/polyp/TestDataset/CVC-ColonDB/images_1024/272.png,val,/mnt/DATA-1/SAM_GROUP/Datasets/polyp/TestDataset/CVC-ColonDB/masks_1024/272.png
/mnt/DATA-1/SAM_GROUP/Datasets/polyp/TestDataset/CVC-ColonDB/images_1024/273.png,val,/mnt/DATA-1/SAM_GROUP/Datasets/polyp/TestDataset/CVC-ColonDB/masks_1024/273.png
/mnt/DATA-1/SAM_GROUP/Datasets/polyp/TestDataset/CVC-ColonDB/images_1024/274.png,val,/mnt/DATA-1/SAM_GROUP/Datasets/polyp/TestDataset/CVC-ColonDB/masks_1024/274.png
/mnt/DATA-1/SAM_GROUP/Datasets/polyp/TestDataset/CVC-ColonDB/images_1024/275.png,val,/mnt/DATA-1/SAM_GROUP/Datasets/polyp/TestDataset/CVC-ColonDB/masks_1024/275.png
/mnt/DATA-1/SAM_GROUP/Datasets/polyp/TestDataset/CVC-ColonDB/images_1024/276.png,val,/mnt/DATA-1/SAM_GROUP/Datasets/polyp/TestDataset/CVC-ColonDB/masks_1024/276.png
/mnt/DATA-1/SAM_GROUP/Datasets/polyp/TestDataset/CVC-ColonDB/images_1024/277.png,val,/mnt/DATA-1/SAM_GROUP/Datasets/polyp/TestDataset/CVC-ColonDB/masks_1024/277.png
/mnt/DATA-1/SAM_GROUP/Datasets/polyp/TestDataset/CVC-ColonDB/images_1024/278.png,val,/mnt/DATA-1/SAM_GROUP/Datasets/polyp/TestDataset/CVC-ColonDB/masks_1024/278.png
/mnt/DATA-1/SAM_GROUP/Datasets/polyp/TestDataset/CVC-ColonDB/images_1024/279.png,val,/mnt/DATA-1/SAM_GROUP/Datasets/polyp/TestDataset/CVC-ColonDB/masks_1024/279.png
/mnt/DATA-1/SAM_GROUP/Datasets/polyp/TestDataset/CVC-ColonDB/images_1024/280.png,val,/mnt/DATA-1/SAM_GROUP/Datasets/polyp/TestDataset/CVC-ColonDB/masks_1024/280.png
/mnt/DATA-1/SAM_GROUP/Datasets/polyp/TestDataset/CVC-ColonDB/images_1024/281.png,val,/mnt/DATA-1/SAM_GROUP/Datasets/polyp/TestDataset/CVC-ColonDB/masks_1024/281.png
/mnt/DATA-1/SAM_GROUP/Datasets/polyp/TestDataset/CVC-ColonDB/images_1024/282.png,val,/mnt/DATA-1/SAM_GROUP/Datasets/polyp/TestDataset/CVC-ColonDB/masks_1024/282.png
/mnt/DATA-1/SAM_GROUP/Datasets/polyp/TestDataset/CVC-ColonDB/images_1024/283.png,val,/mnt/DATA-1/SAM_GROUP/Datasets/polyp/TestDataset/CVC-ColonDB/masks_1024/283.png
/mnt/DATA-1/SAM_GROUP/Datasets/polyp/TestDataset/CVC-ColonDB/images_1024/284.png,val,/mnt/DATA-1/SAM_GROUP/Datasets/polyp/TestDataset/CVC-ColonDB/masks_1024/284.png
/mnt/DATA-1/SAM_GROUP/Datasets/polyp/TestDataset/CVC-ColonDB/images_1024/285.png,val,/mnt/DATA-1/SAM_GROUP/Datasets/polyp/TestDataset/CVC-ColonDB/masks_1024/285.png
/mnt/DATA-1/SAM_GROUP/Datasets/polyp/TestDataset/CVC-ColonDB/images_1024/286.png,val,/mnt/DATA-1/SAM_GROUP/Datasets/polyp/TestDataset/CVC-ColonDB/masks_1024/286.png
/mnt/DATA-1/SAM_GROUP/Datasets/polyp/TestDataset/CVC-ColonDB/images_1024/287.png,val,/mnt/DATA-1/SAM_GROUP/Datasets/polyp/TestDataset/CVC-ColonDB/masks_1024/287.png
/mnt/DATA-1/SAM_GROUP/Datasets/polyp/TestDataset/CVC-ColonDB/images_1024/288.png,val,/mnt/DATA-1/SAM_GROUP/Datasets/polyp/TestDataset/CVC-ColonDB/masks_1024/288.png
/mnt/DATA-1/SAM_GROUP/Datasets/polyp/TestDataset/CVC-ColonDB/images_1024/289.png,val,/mnt/DATA-1/SAM_GROUP/Datasets/polyp/TestDataset/CVC-ColonDB/masks_1024/289.png
/mnt/DATA-1/SAM_GROUP/Datasets/polyp/TestDataset/CVC-ColonDB/images_1024/290.png,val,/mnt/DATA-1/SAM_GROUP/Datasets/polyp/TestDataset/CVC-ColonDB/masks_1024/290.png
/mnt/DATA-1/SAM_GROUP/Datasets/polyp/TestDataset/CVC-ColonDB/images_1024/291.png,val,/mnt/DATA-1/SAM_GROUP/Datasets/polyp/TestDataset/CVC-ColonDB/masks_1024/291.png
/mnt/DATA-1/SAM_GROUP/Datasets/polyp/TestDataset/CVC-ColonDB/images_1024/292.png,val,/mnt/DATA-1/SAM_GROUP/Datasets/polyp/TestDataset/CVC-ColonDB/masks_1024/292.png
/mnt/DATA-1/SAM_GROUP/Datasets/polyp/TestDataset/CVC-ColonDB/images_1024/293.png,val,/mnt/DATA-1/SAM_GROUP/Datasets/polyp/TestDataset/CVC-ColonDB/masks_1024/293.png
/mnt/DATA-1/SAM_GROUP/Datasets/polyp/TestDataset/CVC-ColonDB/images_1024/294.png,val,/mnt/DATA-1/SAM_GROUP/Datasets/polyp/TestDataset/CVC-ColonDB/masks_1024/294.png
/mnt/DATA-1/SAM_GROUP/Datasets/polyp/TestDataset/CVC-ColonDB/images_1024/295.png,val,/mnt/DATA-1/SAM_GROUP/Datasets/polyp/TestDataset/CVC-ColonDB/masks_1024/295.png
/mnt/DATA-1/SAM_GROUP/Datasets/polyp/TestDataset/CVC-ColonDB/images_1024/296.png,val,/mnt/DATA-1/SAM_GROUP/Datasets/polyp/TestDataset/CVC-ColonDB/masks_1024/296.png
/mnt/DATA-1/SAM_GROUP/Datasets/polyp/TestDataset/CVC-ColonDB/images_1024/297.png,val,/mnt/DATA-1/SAM_GROUP/Datasets/polyp/TestDataset/CVC-ColonDB/masks_1024/297.png
/mnt/DATA-1/SAM_GROUP/Datasets/polyp/TestDataset/CVC-ColonDB/images_1024/298.png,val,/mnt/DATA-1/SAM_GROUP/Datasets/polyp/TestDataset/CVC-ColonDB/masks_1024/298.png
/mnt/DATA-1/SAM_GROUP/Datasets/polyp/TestDataset/CVC-ColonDB/images_1024/299.png,val,/mnt/DATA-1/SAM_GROUP/Datasets/polyp/TestDataset/CVC-ColonDB/masks_1024/299.png
/mnt/DATA-1/SAM_GROUP/Datasets/polyp/TestDataset/CVC-ColonDB/images_1024/300.png,val,/mnt/DATA-1/SAM_GROUP/Datasets/polyp/TestDataset/CVC-ColonDB/masks_1024/300.png
/mnt/DATA-1/SAM_GROUP/Datasets/polyp/TestDataset/CVC-ColonDB/images_1024/301.png,val,/mnt/DATA-1/SAM_GROUP/Datasets/polyp/TestDataset/CVC-ColonDB/masks_1024/301.png
/mnt/DATA-1/SAM_GROUP/Datasets/polyp/TestDataset/CVC-ColonDB/images_1024/302.png,val,/mnt/DATA-1/SAM_GROUP/Datasets/polyp/TestDataset/CVC-ColonDB/masks_1024/302.png
/mnt/DATA-1/SAM_GROUP/Datasets/polyp/TestDataset/CVC-ColonDB/images_1024/303.png,val,/mnt/DATA-1/SAM_GROUP/Datasets/polyp/TestDataset/CVC-ColonDB/masks_1024/303.png
/mnt/DATA-1/SAM_GROUP/Datasets/polyp/TestDataset/CVC-ColonDB/images_1024/304.png,val,/mnt/DATA-1/SAM_GROUP/Datasets/polyp/TestDataset/CVC-ColonDB/masks_1024/304.png
/mnt/DATA-1/SAM_GROUP/Datasets/polyp/TestDataset/CVC-ColonDB/images_1024/305.png,val,/mnt/DATA-1/SAM_GROUP/Datasets/polyp/TestDataset/CVC-ColonDB/masks_1024/305.png
/mnt/DATA-1/SAM_GROUP/Datasets/polyp/TestDataset/CVC-ColonDB/images_1024/306.png,val,/mnt/DATA-1/SAM_GROUP/Datasets/polyp/TestDataset/CVC-ColonDB/masks_1024/306.png
/mnt/DATA-1/SAM_GROUP/Datasets/polyp/TestDataset/CVC-ColonDB/images_1024/307.png,val,/mnt/DATA-1/SAM_GROUP/Datasets/polyp/TestDataset/CVC-ColonDB/masks_1024/307.png
/mnt/DATA-1/SAM_GROUP/Datasets/polyp/TestDataset/CVC-ColonDB/images_1024/308.png,val,/mnt/DATA-1/SAM_GROUP/Datasets/polyp/TestDataset/CVC-ColonDB/masks_1024/308.png
/mnt/DATA-1/SAM_GROUP/Datasets/polyp/TestDataset/CVC-ColonDB/images_1024/309.png,val,/mnt/DATA-1/SAM_GROUP/Datasets/polyp/TestDataset/CVC-ColonDB/masks_1024/309.png
/mnt/DATA-1/SAM_GROUP/Datasets/polyp/TestDataset/CVC-ColonDB/images_1024/310.png,val,/mnt/DATA-1/SAM_GROUP/Datasets/polyp/TestDataset/CVC-ColonDB/masks_1024/310.png
/mnt/DATA-1/SAM_GROUP/Datasets/polyp/TestDataset/CVC-ColonDB/images_1024/311.png,val,/mnt/DATA-1/SAM_GROUP/Datasets/polyp/TestDataset/CVC-ColonDB/masks_1024/311.png
/mnt/DATA-1/SAM_GROUP/Datasets/polyp/TestDataset/CVC-ColonDB/images_1024/312.png,val,/mnt/DATA-1/SAM_GROUP/Datasets/polyp/TestDataset/CVC-ColonDB/masks_1024/312.png
/mnt/DATA-1/SAM_GROUP/Datasets/polyp/TestDataset/CVC-ColonDB/images_1024/313.png,val,/mnt/DATA-1/SAM_GROUP/Datasets/polyp/TestDataset/CVC-ColonDB/masks_1024/313.png
/mnt/DATA-1/SAM_GROUP/Datasets/polyp/TestDataset/CVC-ColonDB/images_1024/314.png,val,/mnt/DATA-1/SAM_GROUP/Datasets/polyp/TestDataset/CVC-ColonDB/masks_1024/314.png
/mnt/DATA-1/SAM_GROUP/Datasets/polyp/TestDataset/CVC-ColonDB/images_1024/315.png,val,/mnt/DATA-1/SAM_GROUP/Datasets/polyp/TestDataset/CVC-ColonDB/masks_1024/315.png
/mnt/DATA-1/SAM_GROUP/Datasets/polyp/TestDataset/CVC-ColonDB/images_1024/316.png,val,/mnt/DATA-1/SAM_GROUP/Datasets/polyp/TestDataset/CVC-ColonDB/masks_1024/316.png
/mnt/DATA-1/SAM_GROUP/Datasets/polyp/TestDataset/CVC-ColonDB/images_1024/317.png,val,/mnt/DATA-1/SAM_GROUP/Datasets/polyp/TestDataset/CVC-ColonDB/masks_1024/317.png
/mnt/DATA-1/SAM_GROUP/Datasets/polyp/TestDataset/CVC-ColonDB/images_1024/318.png,val,/mnt/DATA-1/SAM_GROUP/Datasets/polyp/TestDataset/CVC-ColonDB/masks_1024/318.png
/mnt/DATA-1/SAM_GROUP/Datasets/polyp/TestDataset/CVC-ColonDB/images_1024/319.png,val,/mnt/DATA-1/SAM_GROUP/Datasets/polyp/TestDataset/CVC-ColonDB/masks_1024/319.png
/mnt/DATA-1/SAM_GROUP/Datasets/polyp/TestDataset/CVC-ColonDB/images_1024/320.png,val,/mnt/DATA-1/SAM_GROUP/Datasets/polyp/TestDataset/CVC-ColonDB/masks_1024/320.png
/mnt/DATA-1/SAM_GROUP/Datasets/polyp/TestDataset/CVC-ColonDB/images_1024/321.png,val,/mnt/DATA-1/SAM_GROUP/Datasets/polyp/TestDataset/CVC-ColonDB/masks_1024/321.png
/mnt/DATA-1/SAM_GROUP/Datasets/polyp/TestDataset/CVC-ColonDB/images_1024/322.png,val,/mnt/DATA-1/SAM_GROUP/Datasets/polyp/TestDataset/CVC-ColonDB/masks_1024/322.png
/mnt/DATA-1/SAM_GROUP/Datasets/polyp/TestDataset/CVC-ColonDB/images_1024/323.png,val,/mnt/DATA-1/SAM_GROUP/Datasets/polyp/TestDataset/CVC-ColonDB/masks_1024/323.png
/mnt/DATA-1/SAM_GROUP/Datasets/polyp/TestDataset/CVC-ColonDB/images_1024/324.png,val,/mnt/DATA-1/SAM_GROUP/Datasets/polyp/TestDataset/CVC-ColonDB/masks_1024/324.png
/mnt/DATA-1/SAM_GROUP/Datasets/polyp/TestDataset/CVC-ColonDB/images_1024/325.png,val,/mnt/DATA-1/SAM_GROUP/Datasets/polyp/TestDataset/CVC-ColonDB/masks_1024/325.png
/mnt/DATA-1/SAM_GROUP/Datasets/polyp/TestDataset/CVC-ColonDB/images_1024/326.png,val,/mnt/DATA-1/SAM_GROUP/Datasets/polyp/TestDataset/CVC-ColonDB/masks_1024/326.png
/mnt/DATA-1/SAM_GROUP/Datasets/polyp/TestDataset/CVC-ColonDB/images_1024/327.png,val,/mnt/DATA-1/SAM_GROUP/Datasets/polyp/TestDataset/CVC-ColonDB/masks_1024/327.png
/mnt/DATA-1/SAM_GROUP/Datasets/polyp/TestDataset/CVC-ColonDB/images_1024/328.png,val,/mnt/DATA-1/SAM_GROUP/Datasets/polyp/TestDataset/CVC-ColonDB/masks_1024/328.png
/mnt/DATA-1/SAM_GROUP/Datasets/polyp/TestDataset/CVC-ColonDB/images_1024/329.png,val,/mnt/DATA-1/SAM_GROUP/Datasets/polyp/TestDataset/CVC-ColonDB/masks_1024/329.png
/mnt/DATA-1/SAM_GROUP/Datasets/polyp/TestDataset/CVC-ColonDB/images_1024/330.png,val,/mnt/DATA-1/SAM_GROUP/Datasets/polyp/TestDataset/CVC-ColonDB/masks_1024/330.png
/mnt/DATA-1/SAM_GROUP/Datasets/polyp/TestDataset/CVC-ColonDB/images_1024/331.png,val,/mnt/DATA-1/SAM_GROUP/Datasets/polyp/TestDataset/CVC-ColonDB/masks_1024/331.png
/mnt/DATA-1/SAM_GROUP/Datasets/polyp/TestDataset/CVC-ColonDB/images_1024/332.png,val,/mnt/DATA-1/SAM_GROUP/Datasets/polyp/TestDataset/CVC-ColonDB/masks_1024/332.png
/mnt/DATA-1/SAM_GROUP/Datasets/polyp/TestDataset/CVC-ColonDB/images_1024/333.png,val,/mnt/DATA-1/SAM_GROUP/Datasets/polyp/TestDataset/CVC-ColonDB/masks_1024/333.png
/mnt/DATA-1/SAM_GROUP/Datasets/polyp/TestDataset/CVC-ColonDB/images_1024/334.png,val,/mnt/DATA-1/SAM_GROUP/Datasets/polyp/TestDataset/CVC-ColonDB/masks_1024/334.png
/mnt/DATA-1/SAM_GROUP/Datasets/polyp/TestDataset/CVC-ColonDB/images_1024/335.png,val,/mnt/DATA-1/SAM_GROUP/Datasets/polyp/TestDataset/CVC-ColonDB/masks_1024/335.png
/mnt/DATA-1/SAM_GROUP/Datasets/polyp/TestDataset/CVC-ColonDB/images_1024/336.png,val,/mnt/DATA-1/SAM_GROUP/Datasets/polyp/TestDataset/CVC-ColonDB/masks_1024/336.png
/mnt/DATA-1/SAM_GROUP/Datasets/polyp/TestDataset/CVC-ColonDB/images_1024/337.png,val,/mnt/DATA-1/SAM_GROUP/Datasets/polyp/TestDataset/CVC-ColonDB/masks_1024/337.png
/mnt/DATA-1/SAM_GROUP/Datasets/polyp/TestDataset/CVC-ColonDB/images_1024/338.png,val,/mnt/DATA-1/SAM_GROUP/Datasets/polyp/TestDataset/CVC-ColonDB/masks_1024/338.png
/mnt/DATA-1/SAM_GROUP/Datasets/polyp/TestDataset/CVC-ColonDB/images_1024/339.png,val,/mnt/DATA-1/SAM_GROUP/Datasets/polyp/TestDataset/CVC-ColonDB/masks_1024/339.png
/mnt/DATA-1/SAM_GROUP/Datasets/polyp/TestDataset/CVC-ColonDB/images_1024/340.png,val,/mnt/DATA-1/SAM_GROUP/Datasets/polyp/TestDataset/CVC-ColonDB/masks_1024/340.png
/mnt/DATA-1/SAM_GROUP/Datasets/polyp/TestDataset/CVC-ColonDB/images_1024/341.png,val,/mnt/DATA-1/SAM_GROUP/Datasets/polyp/TestDataset/CVC-ColonDB/masks_1024/341.png
/mnt/DATA-1/SAM_GROUP/Datasets/polyp/TestDataset/CVC-ColonDB/images_1024/342.png,val,/mnt/DATA-1/SAM_GROUP/Datasets/polyp/TestDataset/CVC-ColonDB/masks_1024/342.png
/mnt/DATA-1/SAM_GROUP/Datasets/polyp/TestDataset/CVC-ColonDB/images_1024/343.png,val,/mnt/DATA-1/SAM_GROUP/Datasets/polyp/TestDataset/CVC-ColonDB/masks_1024/343.png
/mnt/DATA-1/SAM_GROUP/Datasets/polyp/TestDataset/CVC-ColonDB/images_1024/344.png,val,/mnt/DATA-1/SAM_GROUP/Datasets/polyp/TestDataset/CVC-ColonDB/masks_1024/344.png
/mnt/DATA-1/SAM_GROUP/Datasets/polyp/TestDataset/CVC-ColonDB/images_1024/345.png,val,/mnt/DATA-1/SAM_GROUP/Datasets/polyp/TestDataset/CVC-ColonDB/masks_1024/345.png
/mnt/DATA-1/SAM_GROUP/Datasets/polyp/TestDataset/CVC-ColonDB/images_1024/346.png,val,/mnt/DATA-1/SAM_GROUP/Datasets/polyp/TestDataset/CVC-ColonDB/masks_1024/346.png
/mnt/DATA-1/SAM_GROUP/Datasets/polyp/TestDataset/CVC-ColonDB/images_1024/347.png,val,/mnt/DATA-1/SAM_GROUP/Datasets/polyp/TestDataset/CVC-ColonDB/masks_1024/347.png
/mnt/DATA-1/SAM_GROUP/Datasets/polyp/TestDataset/CVC-ColonDB/images_1024/348.png,val,/mnt/DATA-1/SAM_GROUP/Datasets/polyp/TestDataset/CVC-ColonDB/masks_1024/348.png
/mnt/DATA-1/SAM_GROUP/Datasets/polyp/TestDataset/CVC-ColonDB/images_1024/349.png,val,/mnt/DATA-1/SAM_GROUP/Datasets/polyp/TestDataset/CVC-ColonDB/masks_1024/349.png
/mnt/DATA-1/SAM_GROUP/Datasets/polyp/TestDataset/CVC-ColonDB/images_1024/350.png,val,/mnt/DATA-1/SAM_GROUP/Datasets/polyp/TestDataset/CVC-ColonDB/masks_1024/350.png
/mnt/DATA-1/SAM_GROUP/Datasets/polyp/TestDataset/CVC-ColonDB/images_1024/351.png,val,/mnt/DATA-1/SAM_GROUP/Datasets/polyp/TestDataset/CVC-ColonDB/masks_1024/351.png
/mnt/DATA-1/SAM_GROUP/Datasets/polyp/TestDataset/CVC-ColonDB/images_1024/352.png,val,/mnt/DATA-1/SAM_GROUP/Datasets/polyp/TestDataset/CVC-ColonDB/masks_1024/352.png
/mnt/DATA-1/SAM_GROUP/Datasets/polyp/TestDataset/CVC-ColonDB/images_1024/353.png,val,/mnt/DATA-1/SAM_GROUP/Datasets/polyp/TestDataset/CVC-ColonDB/masks_1024/353.png
/mnt/DATA-1/SAM_GROUP/Datasets/polyp/TestDataset/CVC-ColonDB/images_1024/354.png,val,/mnt/DATA-1/SAM_GROUP/Datasets/polyp/TestDataset/CVC-ColonDB/masks_1024/354.png
/mnt/DATA-1/SAM_GROUP/Datasets/polyp/TestDataset/CVC-ColonDB/images_1024/355.png,val,/mnt/DATA-1/SAM_GROUP/Datasets/polyp/TestDataset/CVC-ColonDB/masks_1024/355.png
/mnt/DATA-1/SAM_GROUP/Datasets/polyp/TestDataset/CVC-ColonDB/images_1024/356.png,val,/mnt/DATA-1/SAM_GROUP/Datasets/polyp/TestDataset/CVC-ColonDB/masks_1024/356.png
/mnt/DATA-1/SAM_GROUP/Datasets/polyp/TestDataset/CVC-ColonDB/images_1024/357.png,val,/mnt/DATA-1/SAM_GROUP/Datasets/polyp/TestDataset/CVC-ColonDB/masks_1024/357.png
/mnt/DATA-1/SAM_GROUP/Datasets/polyp/TestDataset/CVC-ColonDB/images_1024/358.png,val,/mnt/DATA-1/SAM_GROUP/Datasets/polyp/TestDataset/CVC-ColonDB/masks_1024/358.png
/mnt/DATA-1/SAM_GROUP/Datasets/polyp/TestDataset/CVC-ColonDB/images_1024/359.png,val,/mnt/DATA-1/SAM_GROUP/Datasets/polyp/TestDataset/CVC-ColonDB/masks_1024/359.png
/mnt/DATA-1/SAM_GROUP/Datasets/polyp/TestDataset/CVC-ColonDB/images_1024/360.png,val,/mnt/DATA-1/SAM_GROUP/Datasets/polyp/TestDataset/CVC-ColonDB/masks_1024/360.png
/mnt/DATA-1/SAM_GROUP/Datasets/polyp/TestDataset/CVC-ColonDB/images_1024/361.png,val,/mnt/DATA-1/SAM_GROUP/Datasets/polyp/TestDataset/CVC-ColonDB/masks_1024/361.png
/mnt/DATA-1/SAM_GROUP/Datasets/polyp/TestDataset/CVC-ColonDB/images_1024/362.png,val,/mnt/DATA-1/SAM_GROUP/Datasets/polyp/TestDataset/CVC-ColonDB/masks_1024/362.png
/mnt/DATA-1/SAM_GROUP/Datasets/polyp/TestDataset/CVC-ColonDB/images_1024/363.png,val,/mnt/DATA-1/SAM_GROUP/Datasets/polyp/TestDataset/CVC-ColonDB/masks_1024/363.png
/mnt/DATA-1/SAM_GROUP/Datasets/polyp/TestDataset/CVC-ColonDB/images_1024/364.png,val,/mnt/DATA-1/SAM_GROUP/Datasets/polyp/TestDataset/CVC-ColonDB/masks_1024/364.png
/mnt/DATA-1/SAM_GROUP/Datasets/polyp/TestDataset/CVC-ColonDB/images_1024/365.png,val,/mnt/DATA-1/SAM_GROUP/Datasets/polyp/TestDataset/CVC-ColonDB/masks_1024/365.png
/mnt/DATA-1/SAM_GROUP/Datasets/polyp/TestDataset/CVC-ColonDB/images_1024/366.png,val,/mnt/DATA-1/SAM_GROUP/Datasets/polyp/TestDataset/CVC-ColonDB/masks_1024/366.png
/mnt/DATA-1/SAM_GROUP/Datasets/polyp/TestDataset/CVC-ColonDB/images_1024/367.png,val,/mnt/DATA-1/SAM_GROUP/Datasets/polyp/TestDataset/CVC-ColonDB/masks_1024/367.png
/mnt/DATA-1/SAM_GROUP/Datasets/polyp/TestDataset/CVC-ColonDB/images_1024/368.png,val,/mnt/DATA-1/SAM_GROUP/Datasets/polyp/TestDataset/CVC-ColonDB/masks_1024/368.png
/mnt/DATA-1/SAM_GROUP/Datasets/polyp/TestDataset/CVC-ColonDB/images_1024/369.png,val,/mnt/DATA-1/SAM_GROUP/Datasets/polyp/TestDataset/CVC-ColonDB/masks_1024/369.png
/mnt/DATA-1/SAM_GROUP/Datasets/polyp/TestDataset/CVC-ColonDB/images_1024/370.png,val,/mnt/DATA-1/SAM_GROUP/Datasets/polyp/TestDataset/CVC-ColonDB/masks_1024/370.png
/mnt/DATA-1/SAM_GROUP/Datasets/polyp/TestDataset/CVC-ColonDB/images_1024/371.png,val,/mnt/DATA-1/SAM_GROUP/Datasets/polyp/TestDataset/CVC-ColonDB/masks_1024/371.png
/mnt/DATA-1/SAM_GROUP/Datasets/polyp/TestDataset/CVC-ColonDB/images_1024/372.png,val,/mnt/DATA-1/SAM_GROUP/Datasets/polyp/TestDataset/CVC-ColonDB/masks_1024/372.png
/mnt/DATA-1/SAM_GROUP/Datasets/polyp/TestDataset/CVC-ColonDB/images_1024/373.png,val,/mnt/DATA-1/SAM_GROUP/Datasets/polyp/TestDataset/CVC-ColonDB/masks_1024/373.png
/mnt/DATA-1/SAM_GROUP/Datasets/polyp/TestDataset/CVC-ColonDB/images_1024/374.png,val,/mnt/DATA-1/SAM_GROUP/Datasets/polyp/TestDataset/CVC-ColonDB/masks_1024/374.png
/mnt/DATA-1/SAM_GROUP/Datasets/polyp/TestDataset/CVC-ColonDB/images_1024/375.png,val,/mnt/DATA-1/SAM_GROUP/Datasets/polyp/TestDataset/CVC-ColonDB/masks_1024/375.png
/mnt/DATA-1/SAM_GROUP/Datasets/polyp/TestDataset/CVC-ColonDB/images_1024/376.png,val,/mnt/DATA-1/SAM_GROUP/Datasets/polyp/TestDataset/CVC-ColonDB/masks_1024/376.png
/mnt/DATA-1/SAM_GROUP/Datasets/polyp/TestDataset/CVC-ColonDB/images_1024/377.png,val,/mnt/DATA-1/SAM_GROUP/Datasets/polyp/TestDataset/CVC-ColonDB/masks_1024/377.png
/mnt/DATA-1/SAM_GROUP/Datasets/polyp/TestDataset/CVC-ColonDB/images_1024/378.png,val,/mnt/DATA-1/SAM_GROUP/Datasets/polyp/TestDataset/CVC-ColonDB/masks_1024/378.png
/mnt/DATA-1/SAM_GROUP/Datasets/polyp/TestDataset/CVC-ColonDB/images_1024/379.png,val,/mnt/DATA-1/SAM_GROUP/Datasets/polyp/TestDataset/CVC-ColonDB/masks_1024/379.png
/mnt/DATA-1/SAM_GROUP/Datasets/polyp/TestDataset/CVC-ColonDB/images_1024/380.png,val,/mnt/DATA-1/SAM_GROUP/Datasets/polyp/TestDataset/CVC-ColonDB/masks_1024/380.png
